{"stat.cakeSlicesEaten":49,"stat.leaveGame":53,"stat.mineBlock.kozalia.artrite_ore":18,"stat.pickup.kozalia.obsidian_stairs":2,"stat.mineBlock.kozalia.terralium_ore":18,"stat.useItem.kozalia.horium_ore":20,"stat.mineBlock.kozalia.xray_ore":18,"stat.useItem.minecraft.diamond_sword":3,"stat.useItem.minecraft.planks":1,"stat.useItem.minecraft.obsidian":3,"stat.useItem.minecraft.dirt":274,"stat.pickup.kozalia.orange_block":2,"achievement.exploreAllBiomes":{"value":0,"progress":["Plains"]},"stat.pickup.kozalia.nitrite_cake":1,"stat.useItem.kozalia.kozalium_tnt":10,"stat.pickup.kozalia.purple_block":2,"stat.useItem.kozalia.artrite_ore":20,"stat.pickup.minecraft.cobblestone":1,"stat.useItem.minecraft.anvil":2,"stat.flyOneCm":123208,"stat.useItem.kozalia.horium_cake":3,"stat.timeSinceDeath":512840,"stat.mineBlock.kozalia.horium_ore":18,"stat.useItem.minecraft.iron_pickaxe":1,"stat.pickup.kozalia.renforced_cobblestone":5,"stat.pickup.kozalia.xray_fragment":31,"stat.useItem.minecraft.oak_stairs":7,"stat.useItem.kozalia.black_block":3,"stat.pickup.kozalia.red_block":1,"stat.useItem.kozalia.kozalium_ore":20,"stat.useItem.kozalia.obsidian_slab":25,"stat.sprintOneCm":32368,"stat.pickup.kozalia.nitrite_fragment":42,"achievement.openInventory":195,"stat.mineBlock.kozalia.nitrite_ore":27,"stat.useItem.minecraft.diamond_pickaxe":119,"stat.pickup.kozalia.obsidian_slab":1,"stat.pickup.kozalia.pink_block":2,"stat.pickup.kozalia.horium_cake":1,"stat.useItem.kozalia.horium_block":1,"stat.playOneMinute":512840,"stat.pickup.kozalia.horium_fragment":25,"stat.useItem.kozalia.yellow_block":3,"stat.pickup.minecraft.slime_ball":3,"stat.pickup.minecraft.item_frame":25,"stat.useItem.kozalia.artrite_cake":3,"stat.useItem.kozalia.pink_block":3,"stat.useItem.kozalia.terralium_block":2,"stat.pickup.kozalia.artrite_fragment":27,"stat.useItem.kozalia.orange_block":3,"stat.useItem.kozalia.nitrite_ore":28,"stat.useItem.minecraft.stone":32,"stat.mineBlock.kozalia.renforced_cobblestone":2,"stat.mineBlock.kozalia.kozalium_ore":18,"stat.useItem.kozalia.red_block":3,"stat.useItem.kozalia.kozalium_cake":5,"stat.killEntity.Slime":5,"stat.useItem.kozalia.cave_block":38,"stat.useItem.kozalia.purple_block":3,"stat.useItem.minecraft.bedrock":1,"stat.jump":138,"stat.fallOneCm":569,"stat.crouchOneCm":3337,"stat.pickup.minecraft.dirt":29,"stat.useItem.minecraft.glass":3,"stat.pickup.kozalia.white_block":1,"stat.pickup.kozalia.compressed_tnt":1,"stat.damageTaken":30,"stat.useItem.kozalia.nitrite_tnt":15,"stat.useItem.kozalia.xray_ore":45,"stat.useItem.kozalia.obsidian_stairs":68,"stat.useItem.kozalia.green_block":3,"stat.useItem.kozalia.blue_block":3,"stat.pickup.kozalia.kozalium_fragment":34,"stat.useItem.kozalia.nitrite_block":1,"stat.mineBlock.kozalia.obsidian_stairs":1,"stat.damageDealt":308,"stat.useItem.kozalia.terralium_cake":3,"stat.walkOneCm":159208,"stat.useItem.minecraft.tnt":8,"stat.pickup.kozalia.yellow_block":1,"stat.pickup.kozalia.black_block":1,"stat.pickup.minecraft.redstone_block":1,"stat.pickup.kozalia.terralium_cake":1,"stat.useItem.kozalia.artrite_tnt":4,"stat.useItem.minecraft.redstone_block":35,"stat.useItem.kozalia.artrite_block":1,"stat.useItem.minecraft.item_frame":41,"stat.useItem.kozalia.light_blue_block":3,"stat.useItem.kozalia.horium_tnt":3,"stat.pickup.kozalia.artrite_cake":1,"stat.useItem.kozalia.terralium_ore":20,"stat.useItem.minecraft.glass_pane":2,"stat.useItem.kozalia.renforced_cobblestone":37,"stat.pickup.kozalia.green_block":1,"stat.mobKills":5,"stat.useItem.kozalia.white_block":10,"stat.useItem.kozalia.compressed_tnt":6,"stat.pickup.kozalia.terralium_fragment":23,"stat.useItem.kozalia.nitrite_cake":5,"stat.sneakTime":2019,"stat.useItem.kozalia.terralium_tnt":5,"stat.pickup.kozalia.kozalium_cake":1,"stat.useItem.kozalia.kozalium_block":1}