{"stat.useItem.kozalia.nitrite_ore":28,"stat.useItem.minecraft.stone":13,"stat.mineBlock.kozalia.kozalium_ore":18,"stat.leaveGame":18,"stat.mineBlock.kozalia.artrite_ore":18,"stat.pickup.kozalia.obsidian_stairs":1,"stat.mineBlock.kozalia.terralium_ore":18,"stat.useItem.kozalia.horium_ore":20,"stat.mineBlock.kozalia.xray_ore":18,"stat.useItem.minecraft.diamond_sword":3,"stat.useItem.kozalia.cave_block":17,"stat.jump":59,"stat.fallOneCm":569,"stat.useItem.minecraft.planks":1,"stat.crouchOneCm":1003,"stat.useItem.minecraft.obsidian":2,"stat.useItem.minecraft.dirt":14,"achievement.exploreAllBiomes":{"value":0,"progress":["Plains"]},"stat.useItem.minecraft.glass":3,"stat.useItem.kozalia.artrite_ore":20,"stat.damageTaken":30,"stat.useItem.kozalia.xray_ore":45,"stat.useItem.kozalia.obsidian_stairs":46,"stat.useItem.minecraft.anvil":2,"stat.flyOneCm":15574,"stat.pickup.kozalia.kozalium_fragment":33,"stat.useItem.kozalia.nitrite_block":1,"stat.mineBlock.kozalia.obsidian_stairs":1,"stat.damageDealt":229,"stat.timeSinceDeath":279422,"stat.mineBlock.kozalia.horium_ore":18,"stat.pickup.kozalia.xray_fragment":30,"stat.walkOneCm":76728,"stat.useItem.minecraft.oak_stairs":7,"stat.useItem.minecraft.tnt":1,"stat.useItem.kozalia.kozalium_ore":20,"stat.useItem.minecraft.redstone_block":1,"stat.useItem.kozalia.artrite_block":1,"stat.useItem.minecraft.item_frame":11,"stat.useItem.kozalia.terralium_ore":20,"stat.sprintOneCm":19456,"stat.pickup.kozalia.nitrite_fragment":42,"stat.useItem.minecraft.glass_pane":2,"achievement.openInventory":95,"stat.mineBlock.kozalia.nitrite_ore":27,"stat.useItem.minecraft.diamond_pickaxe":118,"stat.useItem.kozalia.horium_block":1,"stat.playOneMinute":279422,"stat.pickup.kozalia.horium_fragment":25,"stat.pickup.kozalia.terralium_fragment":23,"stat.sneakTime":383,"stat.pickup.minecraft.item_frame":1,"stat.useItem.kozalia.kozalium_block":1,"stat.useItem.kozalia.terralium_block":2,"stat.pickup.kozalia.artrite_fragment":27}